{
  "Use Non-ASCII Font" : false,
  "Tags" : [

  ],
  "Ansi 12 Color" : {
    "Red Component" : 0.39215686917304993,
    "Color Space" : "sRGB",
    "Blue Component" : 1,
    "Alpha Component" : 1,
    "Green Component" : 0.729411780834198
  },
  "Ansi 7 Color" : {
    "Red Component" : 0.87450981140136719,
    "Color Space" : "sRGB",
    "Blue Component" : 0.87450981140136719,
    "Alpha Component" : 1,
    "Green Component" : 0.87450981140136719
  },
  "Ansi 8 Color" : {
    "Red Component" : 0.40765038132667542,
    "Color Space" : "sRGB",
    "Blue Component" : 0.40765038132667542,
    "Alpha Component" : 1,
    "Green Component" : 0.40765038132667542
  },
  "Bold Color" : {
    "Red Component" : 0.9004751443862915,
    "Color Space" : "sRGB",
    "Blue Component" : 0.91813153028488159,
    "Alpha Component" : 1,
    "Green Component" : 0.90488922595977783
  },
  "Ansi 9 Color" : {
    "Red Component" : 0.92941176891326904,
    "Color Space" : "sRGB",
    "Blue Component" : 0.42488008737564087,
    "Alpha Component" : 1,
    "Green Component" : 0.41632872819900513
  },
  "Ansi 6 Color" : {
    "Red Component" : 0.54117649793624878,
    "Color Space" : "sRGB",
    "Blue Component" : 0.99215686321258545,
    "Alpha Component" : 1,
    "Green Component" : 0.63137257099151611
  },
  "Ansi 5 Color" : {
    "Red Component" : 0.89411765336990356,
    "Color Space" : "sRGB",
    "Blue Component" : 0.98039215803146362,
    "Alpha Component" : 1,
    "Green Component" : 0.7764706015586853
  },
  "Rows" : 25,
  "Default Bookmark" : "No",
  "Cursor Guide Color" : {
    "Red Component" : 0.70213186740875244,
    "Color Space" : "sRGB",
    "Blue Component" : 1,
    "Alpha Component" : 0.25,
    "Green Component" : 0.9268307089805603
  },
  "Non-ASCII Anti Aliased" : true,
  "Use Bright Bold" : true,
  "Ansi 10 Color" : {
    "Red Component" : 0.64628398418426514,
    "Color Space" : "sRGB",
    "Blue Component" : 0.38725140690803528,
    "Alpha Component" : 1,
    "Green Component" : 0.85882353782653809
  },
  "Ambiguous Double Width" : false,
  "Jobs to Ignore" : [
    "rlogin",
    "ssh",
    "slogin",
    "telnet"
  ],
  "Ansi 15 Color" : {
    "Red Component" : 0.9999966025352478,
    "Color Space" : "sRGB",
    "Blue Component" : 0.99999994039535522,
    "Alpha Component" : 1,
    "Green Component" : 0.99999994039535522
  },
  "Foreground Color" : {
    "Red Component" : 0.81960785388946533,
    "Color Space" : "sRGB",
    "Blue Component" : 0.81960785388946533,
    "Alpha Component" : 1,
    "Green Component" : 0.81960785388946533
  },
  "Working Directory" : "\/Users\/albertoforni",
  "Blinking Cursor" : false,
  "Disable Window Resizing" : true,
  "Sync Title" : false,
  "Prompt Before Closing 2" : false,
  "BM Growl" : true,
  "Command" : "",
  "Description" : "Default",
  "Mouse Reporting" : true,
  "Screen" : -1,
  "Selection Color" : {
    "Red Component" : 0.43546438217163086,
    "Color Space" : "sRGB",
    "Blue Component" : 0.51439088582992554,
    "Alpha Component" : 1,
    "Green Component" : 0.46512907743453979
  },
  "Columns" : 80,
  "Idle Code" : 0,
  "Ansi 13 Color" : {
    "Red Component" : 0.80392158031463623,
    "Color Space" : "sRGB",
    "Blue Component" : 0.9686274528503418,
    "Alpha Component" : 1,
    "Green Component" : 0.61960786581039429
  },
  "Custom Command" : "No",
  "ASCII Anti Aliased" : true,
  "Non Ascii Font" : "Monaco 12",
  "Vertical Spacing" : 1,
  "Use Bold Font" : true,
  "Option Key Sends" : 2,
  "Selected Text Color" : {
    "Red Component" : 0.29196262359619141,
    "Color Space" : "sRGB",
    "Blue Component" : 0.36653554439544678,
    "Alpha Component" : 1,
    "Green Component" : 0.31614315509796143
  },
  "Background Color" : {
    "Red Component" : 0.21960784494876862,
    "Color Space" : "sRGB",
    "Blue Component" : 0.21960784494876862,
    "Alpha Component" : 1,
    "Green Component" : 0.21960784494876862
  },
  "Character Encoding" : 4,
  "Ansi 11 Color" : {
    "Red Component" : 0.97647058963775635,
    "Color Space" : "sRGB",
    "Blue Component" : 0.29150772094726562,
    "Alpha Component" : 1,
    "Green Component" : 0.78023797273635864
  },
  "Use Italic Font" : true,
  "Unlimited Scrollback" : false,
  "Keyboard Map" : {
    "0xf700-0x260000" : {
      "Text" : "[1;6A",
      "Action" : 10
    },
    "0x37-0x40000" : {
      "Text" : "0x1f",
      "Action" : 11
    },
    "0x32-0x40000" : {
      "Text" : "0x00",
      "Action" : 11
    },
    "0xf709-0x20000" : {
      "Text" : "[17;2~",
      "Action" : 10
    },
    "0xf70c-0x20000" : {
      "Text" : "[20;2~",
      "Action" : 10
    },
    "0xf729-0x20000" : {
      "Text" : "[1;2H",
      "Action" : 10
    },
    "0xf72b-0x40000" : {
      "Text" : "[1;5F",
      "Action" : 10
    },
    "0xf705-0x20000" : {
      "Text" : "[1;2Q",
      "Action" : 10
    },
    "0xf703-0x260000" : {
      "Text" : "[1;6C",
      "Action" : 10
    },
    "0xf700-0x220000" : {
      "Text" : "[1;2A",
      "Action" : 10
    },
    "0xf701-0x280000" : {
      "Text" : "0x1b 0x1b 0x5b 0x42",
      "Action" : 11
    },
    "0x38-0x40000" : {
      "Text" : "0x7f",
      "Action" : 11
    },
    "0x33-0x40000" : {
      "Text" : "0x1b",
      "Action" : 11
    },
    "0xf703-0x220000" : {
      "Text" : "[1;2C",
      "Action" : 10
    },
    "0xf701-0x240000" : {
      "Text" : "[1;5B",
      "Action" : 10
    },
    "0xf70d-0x20000" : {
      "Text" : "[21;2~",
      "Action" : 10
    },
    "0xf702-0x260000" : {
      "Text" : "[1;6D",
      "Action" : 10
    },
    "0xf729-0x40000" : {
      "Text" : "[1;5H",
      "Action" : 10
    },
    "0xf706-0x20000" : {
      "Text" : "[1;2R",
      "Action" : 10
    },
    "0x34-0x40000" : {
      "Text" : "0x1c",
      "Action" : 11
    },
    "0xf700-0x280000" : {
      "Text" : "0x1b 0x1b 0x5b 0x41",
      "Action" : 11
    },
    "0x2d-0x40000" : {
      "Text" : "0x1f",
      "Action" : 11
    },
    "0xf70e-0x20000" : {
      "Text" : "[23;2~",
      "Action" : 10
    },
    "0xf702-0x220000" : {
      "Text" : "[1;2D",
      "Action" : 10
    },
    "0xf703-0x280000" : {
      "Action" : 10,
      "Text" : "f"
    },
    "0xf700-0x240000" : {
      "Text" : "[1;5A",
      "Action" : 10
    },
    "0xf707-0x20000" : {
      "Text" : "[1;2S",
      "Action" : 10
    },
    "0xf70a-0x20000" : {
      "Text" : "[18;2~",
      "Action" : 10
    },
    "0x35-0x40000" : {
      "Text" : "0x1d",
      "Action" : 11
    },
    "0xf70f-0x20000" : {
      "Text" : "[24;2~",
      "Action" : 10
    },
    "0xf703-0x240000" : {
      "Text" : "[1;5C",
      "Action" : 10
    },
    "0xf701-0x260000" : {
      "Text" : "[1;6B",
      "Action" : 10
    },
    "0xf702-0x280000" : {
      "Action" : 10,
      "Text" : "b"
    },
    "0xf72b-0x20000" : {
      "Text" : "[1;2F",
      "Action" : 10
    },
    "0x36-0x40000" : {
      "Text" : "0x1e",
      "Action" : 11
    },
    "0xf708-0x20000" : {
      "Text" : "[15;2~",
      "Action" : 10
    },
    "0xf701-0x220000" : {
      "Text" : "[1;2B",
      "Action" : 10
    },
    "0xf70b-0x20000" : {
      "Text" : "[19;2~",
      "Action" : 10
    },
    "0xf702-0x240000" : {
      "Text" : "[1;5D",
      "Action" : 10
    },
    "0xf704-0x20000" : {
      "Text" : "[1;2P",
      "Action" : 10
    }
  },
  "Window Type" : 0,
  "Background Image Location" : "",
  "Blur" : false,
  "Badge Color" : {
    "Red Component" : 1,
    "Color Space" : "sRGB",
    "Blue Component" : 0,
    "Alpha Component" : 0.5,
    "Green Component" : 0.1491314172744751
  },
  "Scrollback Lines" : 3000,
  "Send Code When Idle" : false,
  "Close Sessions On End" : true,
  "Terminal Type" : "xterm-256color",
  "Visual Bell" : true,
  "Flashing Bell" : false,
  "Silence Bell" : false,
  "Ansi 14 Color" : {
    "Red Component" : 0.45211145281791687,
    "Color Space" : "sRGB",
    "Blue Component" : 1,
    "Alpha Component" : 1,
    "Green Component" : 0.56168913841247559
  },